时间/s,PPG_G,PPG_R,PPG_IR,U1h,U1l,U2h,U2l,U3h,U3l,U4h,U4l,ACCX,ACCY,ACCZ,GX,GY,GZ
0,5349,32085,35523,0,0,0,0,0,0,0,0,0.021838,0.000488,0,0,0,0
0.007555,0,0,0,0,0,0,0,0,0,0,0,0,0.002806,0,0,0,0
0.019497,5358,32086,35528,0,0,0,0,0,0,0,0,0,0,0.010614,0,1.2425,0.735
0.038288,0,0,0,0,0,0,0,0,0,0,0,0.002806,0.00122,0,0,0.245,0.77
0.039342,5362,32087,35534,0,0,0,0,0,0,0,0,0,0.00122,0,0,1.015,1.365
0.058309,0,0,0,0,0,0,0,0,0,0,0,0,0,0,0,1.2425,1.6975
0.059447,5365,32083,35523,0,0,0,0,0,0,0,0,0,0,0,0,0.8575,1.575
0.077665,0,0,0,0,0,0,0,0,0,0,0,0.003416,0,0,0,1.1725,1.2425
0.079165,5360,32078,35503,0,0,0,0,0,0,0,0,0,0.012322,0.011712,0,2.905,0.56
0.098639,0,0,0,0,0,0,0,0,0,0,0,0,0.005002,0.00854,0,2.7475,0.875
0.100145,5349,32071,35496,0,0,0,0,0,0,0,0,0.013542,0,0.015006,0,1.225,1.0325
0.116795,0,0,0,0,0,0,0,0,0,0,0,0.019642,0.003294,0,0,0,0
0.119386,5334,32067,35477,0,0,0,0,0,0,0,0,0.015372,0.000732,0.00061,0,0,0
1.09992,0,0,0,0,0,0,0,0,0,0,0,0.023424,0,0.002562,0,0,0
1.101073,5282,32042,35386,0,0,0,0,0,0,0,0,0,0.00549,0,0,0,0
1.10775,0,0,0,0,0,0,0,0,0,0,0,0,0.003172,0.015982,0,0,0
1.128623,5282,32042,35386,0,0,0,0,0,0,0,0,0,0.000244,0,0,0,0
1.130036,0,0,0,0,0,0,0,0,0,0,0,0,0,0,0,0,0.595
1.147852,5284,32042,35388,0,0,0,0,0,0,0,0,0,0.00061,0,0,1.0325,0.84
1.148452,0,0,0,0,0,0,0,0,0,0,0,0,0,0,0,1.365,1.2425
1.168212,5289,32042,35390,0,0,0,0,0,0,0,0,0,0,0,0,0.8225,1.925
1.169238,0,0,0,0,0,0,0,0,0,0,0,0.009028,0,0,0,1.0675,1.575
1.186979,5295,32043,35390,0,0,0,0,0,0,0,0,0.005246,0.007442,0,0,1.295,1.12
1.189593,0,0,0,0,0,0,0,0,0,0,0,0.000366,0.015128,0.01159,0,2.8525,0.7175
1.208684,5301,32053,35410,0,0,0,0,0,0,0,0,0,0.007076,0.015738,0,3.535,1.365
1.209973,0,0,0,0,0,0,0,0,0,0,0,0.024888,0,0.017812,0,2.03,1.7325
1.228982,5310,32063,35436,0,0,0,0,0,0,0,0,0.012932,0,0,0,1.05,0.385
1.230986,0,0,0,0,0,0,0,0,0,0,0,0.00122,0,0.002684,0,1.575,0.525
1.247508,5321,32068,35454,0,0,0,0,0,0,0,0,0.0061,0,0,0,0.6825,0.1925
1.249013,0,0,0,0,0,0,0,0,0,0,0,0.014152,0,0,0,0,0
1.267158,5327,32076,35470,0,0,0,0,0,0,0,0,0,0.002318,0.00183,0,0.42,0
1.268775,0,0,0,0,0,0,0,0,0,0,0,0.001586,0.011834,0.00427,0,0,0
1.277647,5336,32081,35489,0,0,0,0,0,0,0,0,0,0.007686,0.00976,0,0.21,0
1.297375,0,0,0,0,0,0,0,0,0,0,0,0,0,0.004514,0,0,0
1.29995,5348,32088,35500,0,0,0,0,0,0,0,0,0,0.001952,0.002074,0,0,0
1.318418,0,0,0,0,0,0,0,0,0,0,0,0.037576,0,0,0,0,0
1.319924,5356,32086,35492,0,0,0,0,0,0,0,0,0,0.015372,0,0,0,0
1.337547,0,0,0,0,0,0,0,0,0,0,0,0,0,0.01952,0,0,0
1.339058,5360,32087,35494,0,0,0,0,0,0,0,0,0.000488,0.001098,0,0,0,0
1.35861,0,0,0,0,0,0,0,0,0,0,0,0.006344,0.001586,0,0,0,0
1.360149,5366,32084,35491,0,0,0,0,0,0,0,0,0,0.000244,0.002196,0,0.875,1.2425
1.379198,0,0,0,0,0,0,0,0,0,0,0,0,0,0,0,0.8225,1.5225
1.380225,5367,32081,35479,0,0,0,0,0,0,0,0,0,0,0,0,0.9275,1.7675
1.399056,0,0,0,0,0,0,0,0,0,0,0,0,0,0,0,1.12,2.0125
1.400077,5359,32069,35452,0,0,0,0,0,0,0,0,0.002806,0,0,0,1.12,1.82
1.418488,0,0,0,0,0,0,0,0,0,0,0,0.002928,0.00915,0.004758,0,2.5375,0.665
1.419553,5347,32057,35426,0,0,0,0,0,0,0,0,0,0.007564,0.020252,0,3.745,1.12
1.439641,0,0,0,0,0,0,0,0,0,0,0,0.010126,0,0.021716,0,2.345,1.4525
1.440646,5327,32051,35405,0,0,0,0,0,0,0,0,0.022936,0.010248,0,0,0.0175,0.2975
1.448314,0,0,0,0,0,0,0,0,0,0,0,0.022204,0,0,0,0.1225,0.07
1.449366,5302,32035,35367,0,0,0,0,0,0,0,0,0.007564,0,0.005612,0,1.5575,0
1.466998,0,0,0,0,0,0,0,0,0,0,0,0.019398,0,0,0,0.1225,0
1.487161,5280,32027,35341,0,0,0,0,0,0,0,0,0.00549,0.00854,0,0,0.1575,0
1.489743,0,0,0,0,0,0,0,0,0,0,0,0.000488,0,0.007076,0,0.9275,0
1.508328,5263,32022,35329,0,0,0,0,0,0,0,0,0,0.01037,0.007686,0,0,0
1.509533,0,0,0,0,0,0,0,0,0,0,0,0,0,0.013176,0,0,0
1.519522,5254,32019,35316,0,0,0,0,0,0,0,0,0,0,0,0,0,0
1.537014,0,0,0,0,0,0,0,0,0,0,0,0.039772,0,0,0,0,0
1.539546,5240,32008,35282,0,0,0,0,0,0,0,0,0,0.017568,0,0,0,0
1.557333,0,0,0,0,0,0,0,0,0,0,0,0,0,0.004392,0,0,0.42
1.559873,5232,32002,35267,0,0,0,0,0,0,0,0,0.005978,0,0,0,0,0
1.577604,0,0,0,0,0,0,0,0,0,0,0,0,0,0,0,0,0
1.578594,5227,31996,35255,0,0,0,0,0,0,0,0,0,0.001098,0,0,0.6475,0.6475
1.597684,0,0,0,0,0,0,0,0,0,0,0,0,0.005002,0,0,0.525,0.5775
1.599228,5226,31994,35249,0,0,0,0,0,0,0,0,0,0,0,0,0.98,1.645
1.618242,0,0,0,0,0,0,0,0,0,0,0,0,0,0,0,1.085,1.8025
1.62031,5225,31992,35252,0,0,0,0,0,0,0,0,0.00854,0,0,0,0.84,1.4
1.638199,0,0,0,0,0,0,0,0,0,0,0,0.005734,0.0061,0.003172,0,1.54,0.9975
1.639366,5231,32001,35274,0,0,0,0,0,0,0,0,0,0.005368,0.009882,0,2.905,1.1725
1.658312,0,0,0,0,0,0,0,0,0,0,0,0,0,0.011224,0,1.89,1.995
1.659379,5242,32015,35316,0,0,0,0,0,0,0,0,0.01586,0.00305,0,0,0.56,1.2425
1.678653,0,0,0,0,0,0,0,0,0,0,0,0.017568,0,0,0,0.105,0.5425
1.679852,5251,32025,35334,0,0,0,0,0,0,0,0,0,0,0,0,0.9275,0.4725
1.698421,0,0,0,0,0,0,0,0,0,0,0,0.008174,0,0.013542,0,0.63,0
1.699814,5259,32033,35353,0,0,0,0,0,0,0,0,0.003172,0.010614,0.007564,0,0.4725,0
1.716597,0,0,0,0,0,0,0,0,0,0,0,0.006588,0.0061,0.013664,0,0.5075,0
1.719671,5268,32041,35373,0,0,0,0,0,0,0,0,0.010736,0.011956,0,0,0,0
1.73857,0,0,0,0,0,0,0,0,0,0,0,0,0.010736,0.005368,0,0,0
1.739635,5273,32044,35385,0,0,0,0,0,0,0,0,0,0,0,0,0,0
1.746866,0,0,0,0,0,0,0,0,0,0,0,0.0488,0,0,0,0,0
1.749393,5277,32042,35376,0,0,0,0,0,0,0,0,0,0.018666,0,0,0,0
1.768449,0,0,0,0,0,0,0,0,0,0,0,0,0,0.017324,0,0,0
1.788763,5284,32043,35377,0,0,0,0,0,0,0,0,0,0.001952,0.004026,0,0,0
1.789855,0,0,0,0,0,0,0,0,0,0,0,0,0.00244,0,0,0,0
1.807045,5286,32045,35379,0,0,0,0,0,0,0,0,0,0.00244,0.010126,0,0.28,0.49
1.809575,0,0,0,0,0,0,0,0,0,0,0,0,0.000366,0,0,0.105,1.2075
1.827607,5290,32043,35377,0,0,0,0,0,0,0,0,0,0.00427,0,0,0.0175,1.33
1.829113,0,0,0,0,0,0,0,0,0,0,0,0.000244,0,0,0,0.6475,2.03
1.847006,5293,32042,35377,0,0,0,0,0,0,0,0,0.005612,0,0,0,0.56,1.5575
1.84958,0,0,0,0,0,0,0,0,0,0,0,0.002562,0.002318,0.000122,0,1.925,1.2775
1.868595,5297,32044,35385,0,0,0,0,0,0,0,0,0.00366,0,0,0,2.9925,1.645
1.870295,0,0,0,0,0,0,0,0,0,0,0,0,0.0061,0,0,3.2375,1.33
1.87689,5308,32056,35417,0,0,0,0,0,0,0,0,0.025254,0.014274,0,0,0.1225,0.56
1.897337,0,0,0,0,0,0,0,0,0,0,0,0.015982,0,0,0,0.385,0.0525
1.898849,5316,32066,35438,0,0,0,0,0,0,0,0,0.003294,0,0.02074,0,2.03,0.385
1.917351,0,0,0,0,0,0,0,0,0,0,0,0.007442,0.005612,0.010858,0,1.1375,0
1.918854,5328,32073,35462,0,0,0,0,0,0,0,0,0.00793,0.003538,0.003538,0,0,0
1.938523,0,0,0,0,0,0,0,0,0,0,0,0.003294,0.004392,0,0,0.3675,0
1.939619,5337,32080,35487,0,0,0,0,0,0,0,0,0,0,0.00183,0,0.21,0
1.959532,0,0,0,0,0,0,0,0,0,0,0,0,0,0.004636,0,0,0
1.960936,5350,32093,35510,0,0,0,0,0,0,0,0,0,0,0,0,0,0
1.97681,0,0,0,0,0,0,0,0,0,0,0,0,0.002562,0,0,0,0
1.979405,5361,32096,35516,0,0,0,0,0,0,0,0,0,0.008052,0,0,0,0
1.999306,0,0,0,0,0,0,0,0,0,0,0,0,0.00183,0.017446,0,0,0
2.000402,5368,32093,35517,0,0,0,0,0,0,0,0,0,0.002074,0.01891,0,0,0
2.018208,0,0,0,0,0,0,0,0,0,0,0,0.00793,0.006344,0,0,0,0
2.019357,5376,32096,35523,0,0,0,0,0,0,0,0,0,0.006344,0,0,0.63,0.4725
2.03855,0,0,0,0,0,0,0,0,0,0,0,0,0,0,0,0.455,1.365
2.039862,5381,32095,35522,0,0,0,0,0,0,0,0,0,0,0,0,0.1575,1.4175
2.058333,0,0,0,0,0,0,0,0,0,0,0,0,0,0.00061,0,0.7875,1.575
2.060359,5379,32088,35503,0,0,0,0,0,0,0,0,0,0,0,0,0.7175,2.2925
2.076816,0,0,0,0,0,0,0,0,0,0,0,0.007686,0.000122,0,0,1.05,1.33
2.079345,5365,32076,35473,0,0,0,0,0,0,0,0,0.001952,0.00976,0.009516,0,2.1875,1.085
2.098425,0,0,0,0,0,0,0,0,0,0,0,0,0.011224,0.01464,0,3.29,1.47
2.099931,5344,32064,35447,0,0,0,0,0,0,0,0,0.000122,0,0.013786,0,2.4325,2.1
2.108438,0,0,0,0,0,0,0,0,0,0,0,0.019642,0.003538,0,0,0.5775,1.2775
2.109494,5319,32056,35413,0,0,0,0,0,0,0,0,0,0.007686,0.000976,0,1.3475,0
2.128508,0,0,0,0,0,0,0,0,0,0,0,0.008174,0,0.01525,0,1.7325,0.7175
2.148279,5292,32042,35384,0,0,0,0,0,0,0,0,0.008784,0.002928,0.003538,0,0.3675,0
2.149338,0,0,0,0,0,0,0,0,0,0,0,0.008662,0,0.002684,0,0.1925,0
2.168434,5271,32037,35366,0,0,0,0,0,0,0,0,0.007198,0,0,0,0.595,0
2.169494,0,0,0,0,0,0,0,0,0,0,0,0,0.004758,0.003416,0,0,0
2.187427,5257,32031,35352,0,0,0,0,0,0,0,0,0,0,0.000854,0,0,0
2.188935,0,0,0,0,0,0,0,0,0,0,0,0,0,0,0,0,0
2.207438,5245,32025,35331,0,0,0,0,0,0,0,0,0.024278,0,0.00183,0,0,0
2.208951,0,0,0,0,0,0,0,0,0,0,0,0,0.004392,0.017568,0,0,0
2.226935,5233,32015,35307,0,0,0,0,0,0,0,0,0,0,0.013664,0,0,0
2.229481,0,0,0,0,0,0,0,0,0,0,0,0.002196,0.00671,0,0,0,0
2.246454,5227,32015,35299,0,0,0,0,0,0,0,0,0,0,0,0,0,0.07
2.249126,0,0,0,0,0,0,0,0,0,0,0,0,0,0,0,0.0175,0.9625
2.267623,5223,32013,35292,0,0,0,0,0,0,0,0,0,0.008418,0,0,0,1.435
2.269137,0,0,0,0,0,0,0,0,0,0,0,0,0,0,0,0.42,1.68
2.287185,5222,32013,35291,0,0,0,0,0,0,0,0,0,0,0,0,1.1725,1.855
2.288693,0,0,0,0,0,0,0,0,0,0,0,0.009516,0,0.000854,0,1.1375,1.645
2.308645,5222,32012,35298,0,0,0,0,0,0,0,0,0.007686,0.007564,0.000488,0,1.26,1.015
2.309711,0,0,0,0,0,0,0,0,0,0,0,0,0.000488,0.005734,0,3.1325,1.61
2.328462,5228,32023,35329,0,0,0,0,0,0,0,0,0.026718,0,0.011468,0,2.1175,2.03
2.329714,0,0,0,0,0,0,0,0,0,0,0,0.019032,0.00549,0,0,0.875,0.4025
2.348564,5238,32030,35347,0,0,0,0,0,0,0,0,0.011224,0,0,0,0.91,0.2975
2.349635,0,0,0,0,0,0,0,0,0,0,0,0,0,0.008296,0,1.89,0.28
2.357221,5245,32036,35359,0,0,0,0,0,0,0,0,0.007442,0.008052,0,0,0.385,0
2.377893,0,0,0,0,0,0,0,0,0,0,0,0.005002,0,0.002562,0,0.6475,0
2.379423,5250,32040,35372,0,0,0,0,0,0,0,0,0.008418,0.0061,0.002196,0,0.35,0
2.397488,0,0,0,0,0,0,0,0,0,0,0,0.002562,0.01159,0.00427,0,0,0
2.398994,5254,32046,35388,0,0,0,0,0,0,0,0,0,0,0.009882,0,0,0
2.416895,0,0,0,0,0,0,0,0,0,0,0,0,0.003416,0.003416,0,0,0
2.419467,5259,32048,35394,0,0,0,0,0,0,0,0,0.01647,0,0,0,0,0
2.436717,0,0,0,0,0,0,0,0,0,0,0,0.010858,0.000976,0,0,0,0
2.440238,5261,32046,35386,0,0,0,0,0,0,0,0,0,0.004636,0.006466,0,0,0
2.458252,0,0,0,0,0,0,0,0,0,0,0,0,0.001586,0,0,0,0
2.459383,5266,32045,35391,0,0,0,0,0,0,0,0,0.0061,0.010248,0,0,0,0
2.477288,0,0,0,0,0,0,0,0,0,0,0,0,0.004758,0,0,0,0.0875
2.4787,5269,32046,35395,0,0,0,0,0,0,0,0,0,0,0,0,0.3325,1.4
2.498219,0,0,0,0,0,0,0,0,0,0,0,0,0.00305,0.000122,0,0,1.47
2.499871,5273,32047,35394,0,0,0,0,0,0,0,0,0,0,0.002806,0,0.6125,1.75
2.518475,0,0,0,0,0,0,0,0,0,0,0,0.002684,0,0,0,0.8575,1.7325
2.519581,5277,32046,35398,0,0,0,0,0,0,0,0,0.008418,0.00671,0,0,1.085,1.435
2.538517,0,0,0,0,0,0,0,0,0,0,0,0.004026,0.0122,0.00061,0,2.2925,1.1375
2.539586,5285,32051,35416,0,0,0,0,0,0,0,0,0,0,0.000244,0,3.605,1.435
2.548987,0,0,0,0,0,0,0,0,0,0,0,0.014396,0.004392,0,0,1.82,0.8225
2.566866,5297,32065,35447,0,0,0,0,0,0,0,0,0.012078,0.000366,0,0,0.77,0.455
2.570416,0,0,0,0,0,0,0,0,0,0,0,0.005124,0,0.012078,0,1.5225,0.1225
2.589694,5307,32073,35469,0,0,0,0,0,0,0,0,0.010126,0,0.014396,0,1.2775,0
2.59071,0,0,0,0,0,0,0,0,0,0,0,0.005734,0,0.007198,0,0.7,0
2.608432,5319,32083,35493,0,0,0,0,0,0,0,0,0.00427,0,0.002806,0,0.4375,0
2.609513,0,0,0,0,0,0,0,0,0,0,0,0.005368,0.005246,0,0,0,0
2.626711,5328,32093,35519,0,0,0,0,0,0,0,0,0,0.002318,0.002562,0,0,0
2.629252,0,0,0,0,0,0,0,0,0,0,0,0,0,0,0,0,0
2.648573,5338,32098,35532,0,0,0,0,0,0,0,0,0,0.000122,0.000366,0,0,0
2.649627,0,0,0,0,0,0,0,0,0,0,0,0.042456,0,0,0,0,0
2.667494,5345,32098,35528,0,0,0,0,0,0,0,0,0,0.021228,0,0,0,0
2.669761,0,0,0,0,0,0,0,0,0,0,0,0,0.003172,0.012322,0,0,0
2.688382,5353,32099,35528,0,0,0,0,0,0,0,0,0,0,0.00671,0,0,0
2.689544,0,0,0,0,0,0,0,0,0,0,0,0,0,0,0,0,0
2.70748,5356,32097,35529,0,0,0,0,0,0,0,0,0,0,0,0,0.665,0.9625
2.708979,0,0,0,0,0,0,0,0,0,0,0,0,0.003904,0,0,0.35,1.4175
2.718354,5358,32095,35522,0,0,0,0,0,0,0,0,0,0.001464,0,0,0,1.54
2.71957,0,0,0,0,0,0,0,0,0,0,0,0,0,0,0,0.7875,1.5925
